{"file:///C:/GoodRichTea/GoodRichTea":{"assets/images/logo4.png":"/5TxP6rB5Xsj6wML99MSww==","assets/images/logo2.png":"/5TxP6rB5Xsj6wML99MSww==","assets/web/assets/jquery/jquery.min.js":"V5Dq1607onOXrt+j0mO4Zw==","assets/bootstrap/css/bootstrap.min.css":"RQ/EY7ixo0nfcXBW+7PgeA==","assets/bootstrap/css/bootstrap-grid.min.css":"a6LeNNuqhRu1LJbHvTM1Lg==","assets/bootstrap/css/bootstrap-reboot.min.css":"TlWTM3JQaaM6nQ8zh2UupQ==","assets/bootstrap/js/bootstrap.min.js":"FNRJ64h2+lXh7zwsxSsMFw==","assets/popper/popper.min.js":"NiE4ESlZe/NNSKniYj4FyQ==","assets/tether/tether.min.css":"YhVaOUjL8Xsb9LQHyQq4Tw==","assets/tether/tether.min.js":"PlC291/0Eo8keLHUT4D9+w==","assets/theme/css/style.css":"T6dDJ3/K0sisY9uZvqz9Pg==-VITbTf54ezV7Z7I/e4lZVw==","assets/smoothscroll/smooth-scroll.js":"KWAEIcStVIbTDi5Ah2psSQ==","assets/parallax/jarallax.min.js":"lgPnhpb6UHWR10D5+gD9+g==","assets/animatecss/animate.min.css":"F4tlGVjO/1VsvF81Xgi78Q==","assets/viewportchecker/jquery.viewportchecker.js":"XKham7rXcMJkbapryonozQ==","assets/dropdown/css/style.css":"s+S8lVC62P0BWFtgHpaNFA==","assets/dropdown/js/script.min.js":"XKwdlgq/KqgA8/xiKfaAVw==","assets/touchswipe/jquery.touch-swipe.min.js":"9g/wVGnRdXmW2F9BctT/TQ==","assets/ytplayer/jquery.mb.ytplayer.min.js":"i8CJPBUR+nNfbyF+eCoBkw==","assets/vimeoplayer/jquery.mb.vimeo_player.js":"GmfQhjxrSdOBpcDxHSmxjQ==","assets/slidervideo/script.js":"4zdnDcM5qyFp6vtUK9eKiA==","assets/bootstrapcarouselswipe/bootstrap-carousel-swipe.js":"2Aa30rxM398+MLQIDBw+uw==","assets/web/assets/mobirise-icons/mobirise-icons.css":"RVE1Au0iQ4C1HCKJDC+/mQ==","assets/web/assets/mobirise-icons/mobirise-icons.eot":"d1DWj4ts/6jfjnda7g4Q2A==","assets/web/assets/mobirise-icons/mobirise-icons.svg":"Yp5pSlGdnLgPdQLUa/Yv3w==","assets/web/assets/mobirise-icons/mobirise-icons.ttf":"sxxNoGToYfNN/LuoyTYkfg==","assets/web/assets/mobirise-icons/mobirise-icons.woff":"rcbBnBdGlGMmyU5U/bmzjg==","assets/socicon/css/styles.css":"CJiiT9PQDkx8b/7uvhdvqA==","assets/socicon/fonts/socicon.eot":"XHkUXqWN9KkbI2JOr7etKQ==","assets/socicon/fonts/socicon.svg":"o1tldE9Vf6tUJOmbttTpgA==","assets/socicon/fonts/socicon.ttf":"1n97zWg+ogcaXBgcQsNnBA==","assets/socicon/fonts/socicon.woff":"n3NmYDMK3z2OXXC2s0nxxw==","assets/formoid/formoid.min.js":"LS3ZNNEFXEEIXvN30NLGPw==","assets/images/hashes.json":"9bDb++HB+XPJpOyg6ap/mQ==","assets/images/tea-garden-2000x1333.jpg":"tLN+Awf9JF1w8DjPn30OQQ==","assets/images/peppermint2-2000x1272.jpg":"pYAoTyaorrupu/fB06rzyQ==","assets/images/fullpageintrophoto2-2000x951.jpg":"yqVtipBLpqMolCk7Dn3V2A==","assets/images/tea-2000x1324.jpg":"ny0g5iR4/Gaod6RfkRlNbA==","assets/images/logotrasnperant1-1-106x188.png":"6DLJyI+mGRJTM0IpViftNg=="},"file:///C:/GoodRichTea/Temp":{"assets/images/logo4.png":"/5TxP6rB5Xsj6wML99MSww==","assets/images/face1.jpg":"NPCTWpypqgDJtuIYouoC+A==","assets/images/face2.jpg":"qqzGUXDYkUqu9m7laZ83Rw==","assets/images/face3.jpg":"M685RuVb/HThixtneI5Piw==","assets/web/assets/jquery/jquery.min.js":"V5Dq1607onOXrt+j0mO4Zw==","assets/bootstrap/css/bootstrap.min.css":"RQ/EY7ixo0nfcXBW+7PgeA==","assets/bootstrap/css/bootstrap-grid.min.css":"a6LeNNuqhRu1LJbHvTM1Lg==","assets/bootstrap/css/bootstrap-reboot.min.css":"TlWTM3JQaaM6nQ8zh2UupQ==","assets/bootstrap/js/bootstrap.min.js":"FNRJ64h2+lXh7zwsxSsMFw==","assets/popper/popper.min.js":"NiE4ESlZe/NNSKniYj4FyQ==","assets/tether/tether.min.css":"YhVaOUjL8Xsb9LQHyQq4Tw==","assets/tether/tether.min.js":"PlC291/0Eo8keLHUT4D9+w==","assets/theme/css/style.css":"T6dDJ3/K0sisY9uZvqz9Pg==-VITbTf54ezV7Z7I/e4lZVw==","assets/smoothscroll/smooth-scroll.js":"KWAEIcStVIbTDi5Ah2psSQ==","assets/parallax/jarallax.min.js":"lgPnhpb6UHWR10D5+gD9+g==","assets/animatecss/animate.min.css":"F4tlGVjO/1VsvF81Xgi78Q==","assets/viewportchecker/jquery.viewportchecker.js":"XKham7rXcMJkbapryonozQ==","assets/bootstrapcarouselswipe/bootstrap-carousel-swipe.js":"2Aa30rxM398+MLQIDBw+uw==","assets/dropdown/css/style.css":"s+S8lVC62P0BWFtgHpaNFA==","assets/dropdown/js/script.min.js":"XKwdlgq/KqgA8/xiKfaAVw==","assets/touchswipe/jquery.touch-swipe.min.js":"9g/wVGnRdXmW2F9BctT/TQ==","assets/web/assets/mobirise-icons/mobirise-icons.css":"RVE1Au0iQ4C1HCKJDC+/mQ==","assets/web/assets/mobirise-icons/mobirise-icons.eot":"d1DWj4ts/6jfjnda7g4Q2A==","assets/web/assets/mobirise-icons/mobirise-icons.svg":"Yp5pSlGdnLgPdQLUa/Yv3w==","assets/vimeoplayer/jquery.mb.vimeo_player.js":"GmfQhjxrSdOBpcDxHSmxjQ==","assets/slidervideo/script.js":"4zdnDcM5qyFp6vtUK9eKiA==","assets/ytplayer/jquery.mb.ytplayer.min.js":"i8CJPBUR+nNfbyF+eCoBkw==","assets/web/assets/mobirise-icons/mobirise-icons.ttf":"sxxNoGToYfNN/LuoyTYkfg==","assets/web/assets/mobirise-icons/mobirise-icons.woff":"rcbBnBdGlGMmyU5U/bmzjg==","assets/socicon/fonts/socicon.ttf":"1n97zWg+ogcaXBgcQsNnBA==","assets/socicon/fonts/socicon.woff":"n3NmYDMK3z2OXXC2s0nxxw==","assets/formoid/formoid.min.js":"LS3ZNNEFXEEIXvN30NLGPw==","assets/socicon/css/styles.css":"CJiiT9PQDkx8b/7uvhdvqA==","assets/socicon/fonts/socicon.eot":"XHkUXqWN9KkbI2JOr7etKQ==","assets/socicon/fonts/socicon.svg":"o1tldE9Vf6tUJOmbttTpgA==","assets/images/hashes.json":"9bDb++HB+XPJpOyg6ap/mQ==","assets/images/tea-garden-2000x1333.jpg":"tLN+Awf9JF1w8DjPn30OQQ==","assets/images/peppermint2-2000x1272.jpg":"pYAoTyaorrupu/fB06rzyQ==","assets/images/logotrasnperant1-1-106x188.png":"6DLJyI+mGRJTM0IpViftNg==","assets/images/tea-2000x1324.jpg":"ny0g5iR4/Gaod6RfkRlNbA==","assets/images/fullpageintrophoto2-2000x951.jpg":"yqVtipBLpqMolCk7Dn3V2A=="}}