{"DNJVmmLau5A/eMGXcKKu/g==":"fullpageintrophoto-2000x1125.jpg","yqVtipBLpqMolCk7Dn3V2A==":"fullpageintrophoto2-2000x951.jpg","hyaJbhRYw2b+Y4kqaL7+6A==":"peppermint-2816012-2000x1095.jpg","pYAoTyaorrupu/fB06rzyQ==":"peppermint2-2000x1272.jpg","ny0g5iR4/Gaod6RfkRlNbA==":"tea-2000x1324.jpg","tLN+Awf9JF1w8DjPn30OQQ==":"tea-garden-2000x1333.jpg","1pgGVzr9tBX/iIjoPqYcYQ==":"logotrasnperant1-122x217.png","HEdnzNIBnf5EDnejizpZHg==":"logotrasnperant1-1-122x217.png","6DLJyI+mGRJTM0IpViftNg==":"logotrasnperant1%20(1)-106x188.png","Q8kyWdiPLYJ/4F1Ss+9IyA==":"03.jpg","0OOE1Usrtktm437Z/qTMRQ==":"background2.jpg","ihlkf69UyfSmhSyJ1Jvc6w==":"jumbotron-1.jpg","9QVEC+SjZptQPcr5ue4zvg==":"logotrasnperant1%20(1)-720x1280.png"}